{"stats":{"minecraft:used":{"minecraft:oak_fence":1,"minecraft:iron_shovel":1796,"minecraft:stone_shovel":263,"minecraft:oak_sign":9,"minecraft:chest":42,"minecraft:shield":43,"minecraft:stone":2,"minecraft:rotten_flesh":3,"minecraft:iron_chestplate":1,"minecraft:torch":57,"minecraft:brewing_stand":1,"minecraft:dirt":1796,"minecraft:anvil":1,"minecraft:hopper":3,"minecraft:carrot":15,"minecraft:oak_fence_gate":1,"minecraft:wooden_axe":16,"minecraft:lava_bucket":12,"minecraft:iron_axe":596,"minecraft:oak_stairs":6,"minecraft:grass_block":254,"minecraft:iron_helmet":1,"minecraft:item_frame":6,"minecraft:basalt":10,"minecraft:bow":1,"minecraft:written_book":2,"minecraft:furnace":2,"minecraft:potato":1,"minecraft:cooked_beef":6,"minecraft:cobbled_deepslate":20,"minecraft:calcite":2,"minecraft:cooked_mutton":2,"minecraft:water_bucket":77,"minecraft:warped_stem":3,"minecraft:diorite":3,"minecraft:stone_pickaxe":131,"minecraft:baked_potato":14,"minecraft:oak_planks":24,"minecraft:wooden_pickaxe":21,"minecraft:composter":5,"minecraft:redstone_block":42,"minecraft:oak_slab":10,"minecraft:crafting_table":6,"minecraft:blast_furnace":1,"minecraft:white_bed":113,"minecraft:campfire":2,"minecraft:redstone_torch":1,"minecraft:iron_pickaxe":952,"minecraft:bread":64,"minecraft:oak_button":31,"minecraft:copper_bulb":77,"minecraft:stone_axe":57,"minecraft:fire_charge":2,"minecraft:cobblestone":283,"minecraft:cooked_porkchop":3,"minecraft:andesite":3,"minecraft:bucket":87,"minecraft:yellow_bed":5,"minecraft:oak_boat":1,"minecraft:splash_potion":3},"minecraft:broken":{"minecraft:iron_shovel":7,"minecraft:stone_pickaxe":1,"minecraft:shield":1,"minecraft:iron_axe":3,"minecraft:iron_pickaxe":3,"minecraft:stone_shovel":2},"minecraft:crafted":{"minecraft:oak_planks":348,"minecraft:oak_sign":9,"minecraft:stone_shovel":2,"minecraft:furnace":1,"minecraft:hopper":3,"minecraft:iron_boots":2,"minecraft:iron_axe":4,"minecraft:stone_pickaxe":1,"minecraft:chest":32,"minecraft:oak_button":24,"minecraft:wheat":198,"minecraft:cooked_beef":5,"minecraft:oak_slab":24,"minecraft:item_frame":6,"minecraft:crafting_table":2,"minecraft:wooden_pickaxe":1,"minecraft:iron_helmet":3,"minecraft:bucket":10,"minecraft:campfire":2,"minecraft:stone_axe":1,"minecraft:bread":64,"minecraft:air":0,"minecraft:oak_boat":1,"minecraft:iron_chestplate":2,"minecraft:shield":1,"minecraft:stick":112,"minecraft:iron_ingot":110,"minecraft:iron_pickaxe":5,"minecraft:wooden_axe":1,"minecraft:iron_block":67,"minecraft:iron_shovel":8,"minecraft:iron_leggings":2,"minecraft:anvil":1,"minecraft:redstone_torch":1,"minecraft:composter":2,"minecraft:torch":32},"minecraft:mined":{"minecraft:tuff":14,"minecraft:white_bed":115,"minecraft:farmland":13,"minecraft:mossy_cobblestone":10,"minecraft:deepslate_diamond_ore":26,"minecraft:oak_door":1,"minecraft:brewing_stand":1,"minecraft:grass_block":1222,"minecraft:composter":3,"minecraft:hay_block":22,"minecraft:smooth_stone":2,"minecraft:furnace":1,"minecraft:carrots":14,"minecraft:iron_ore":78,"minecraft:cobbled_deepslate":2,"minecraft:fire":1,"minecraft:andesite":3,"minecraft:pumpkin":19,"minecraft:deepslate_lapis_ore":3,"minecraft:potatoes":12,"minecraft:dirt_path":188,"minecraft:rail":28,"minecraft:oak_stairs":100,"minecraft:stone":327,"minecraft:deepslate_redstone_ore":8,"minecraft:birch_stairs":3,"minecraft:oak_slab":1,"minecraft:glass_pane":6,"minecraft:amethyst_cluster":5,"minecraft:oak_fence":1,"minecraft:crafting_table":5,"minecraft:torch":9,"minecraft:short_grass":151,"minecraft:blast_furnace":1,"minecraft:calcite":40,"minecraft:chest":13,"minecraft:campfire":1,"minecraft:tall_grass":9,"minecraft:cobblestone":113,"minecraft:deepslate_gold_ore":5,"minecraft:lapis_ore":10,"minecraft:oak_planks":77,"minecraft:sugar_cane":4,"minecraft:wall_torch":5,"minecraft:amethyst_block":54,"minecraft:birch_planks":2,"minecraft:birch_log":14,"minecraft:wheat":28,"minecraft:birch_leaves":1,"minecraft:yellow_bed":6,"minecraft:oak_log":157,"minecraft:coal_ore":50,"minecraft:oak_fence_gate":1,"minecraft:sand":94,"minecraft:dirt":604,"minecraft:smooth_basalt":16,"minecraft:oak_leaves":11,"minecraft:deepslate":249},"minecraft:dropped":{"minecraft:iron_ingot":9,"minecraft:bread":6,"minecraft:oak_slab":1,"minecraft:porkchop":1,"minecraft:wheat_seeds":12,"minecraft:cooked_beef":1,"minecraft:iron_helmet":1,"minecraft:amethyst_block":54,"minecraft:coal":9,"minecraft:dirt":44,"minecraft:sand":1,"minecraft:bone":14,"minecraft:tuff":5,"minecraft:raw_iron":4,"minecraft:rotten_flesh":16,"minecraft:poppy":22,"minecraft:leather_boots":1,"minecraft:written_book":1,"minecraft:egg":4},"minecraft:picked_up":{"minecraft:wooden_axe":1,"minecraft:iron_chestplate":4,"minecraft:charcoal":2,"minecraft:crafting_table":9,"minecraft:wheat":27,"minecraft:wooden_pickaxe":1,"minecraft:oak_stairs":99,"minecraft:enchanted_book":1,"minecraft:brewing_stand":1,"minecraft:shield":1,"minecraft:amethyst_block":162,"minecraft:music_disc_cat":1,"minecraft:string":24,"minecraft:iron_axe":7,"minecraft:iron_leggings":4,"minecraft:iron_shovel":4,"minecraft:cobbled_deepslate":455,"minecraft:smooth_stone":2,"minecraft:bucket":2,"minecraft:beef":12,"minecraft:calcite":118,"minecraft:poppy":21,"minecraft:iron_pickaxe":8,"minecraft:sugar_cane":10,"minecraft:chest":13,"minecraft:furnace":2,"minecraft:iron_boots":5,"minecraft:egg":4,"minecraft:stick":11,"minecraft:raw_iron":113,"minecraft:oak_door":2,"minecraft:composter":3,"minecraft:oak_fence":1,"minecraft:torch":21,"minecraft:porkchop":4,"minecraft:fire_charge":2,"minecraft:diorite":3,"minecraft:carrot":51,"minecraft:redstone":109,"minecraft:arrow":45,"minecraft:rotten_flesh":102,"minecraft:hay_block":22,"minecraft:iron_block":238,"minecraft:gold_ingot":8,"minecraft:mutton":2,"minecraft:rail":28,"minecraft:white_wool":2,"minecraft:cobblestone":582,"minecraft:birch_log":14,"minecraft:cooked_beef":34,"minecraft:glow_ink_sac":6,"minecraft:water_bucket":4,"minecraft:andesite":8,"minecraft:leather":15,"minecraft:potato":47,"minecraft:birch_planks":2,"minecraft:tuff":14,"minecraft:oak_log":177,"minecraft:golden_boots":3,"minecraft:yellow_bed":6,"minecraft:gunpowder":16,"minecraft:lapis_lazuli":168,"minecraft:dirt":2101,"minecraft:name_tag":2,"minecraft:leather_boots":2,"minecraft:cooked_mutton":2,"minecraft:bone":44,"minecraft:bow":3,"minecraft:wheat_seeds":138,"minecraft:raw_gold":10,"minecraft:iron_ingot":126,"minecraft:oak_fence_gate":1,"minecraft:oak_planks":77,"minecraft:oak_slab":1,"minecraft:smooth_basalt":47,"minecraft:cooked_porkchop":8,"minecraft:pumpkin":19,"minecraft:birch_stairs":3,"minecraft:sand":95,"minecraft:amethyst_shard":60,"minecraft:blast_furnace":1,"minecraft:white_bed":115,"minecraft:grass_block":1,"minecraft:spider_eye":8,"minecraft:mossy_cobblestone":10,"minecraft:leather_helmet":1,"minecraft:diamond":26,"minecraft:stone_axe":1,"minecraft:iron_helmet":5,"minecraft:bread":59,"minecraft:oak_button":7,"minecraft:baked_potato":26,"minecraft:oak_sapling":2,"minecraft:coal":90,"minecraft:ender_pearl":7},"minecraft:custom":{"minecraft:interact_with_anvil":1,"minecraft:mob_kills":117,"minecraft:inspect_hopper":2,"minecraft:interact_with_crafting_table":49,"minecraft:interact_with_campfire":40,"minecraft:leave_game":23,"minecraft:time_since_death":39520,"minecraft:sprint_one_cm":776132,"minecraft:walk_one_cm":1073752,"minecraft:damage_blocked_by_shield":3090,"minecraft:drop":65,"minecraft:talked_to_villager":3,"minecraft:play_time":1105445,"minecraft:deaths":7,"minecraft:sneak_time":64156,"minecraft:walk_under_water_one_cm":15966,"minecraft:jump":5502,"minecraft:walk_on_water_one_cm":54555,"minecraft:total_world_time":1105445,"minecraft:interact_with_furnace":32,"minecraft:sleep_in_bed":12,"minecraft:time_since_rest":15240,"minecraft:damage_taken":6230,"minecraft:damage_dealt":24647,"minecraft:swim_one_cm":49643,"minecraft:fly_one_cm":1213255,"minecraft:open_chest":239,"minecraft:crouch_one_cm":247495,"minecraft:fall_one_cm":112319},"minecraft:killed_by":{"minecraft:skeleton":1,"minecraft:zombie":4},"minecraft:killed":{"minecraft:armadillo":1,"minecraft:spider":8,"minecraft:skeleton":17,"minecraft:pig":2,"minecraft:zombie_villager":1,"minecraft:iron_golem":6,"minecraft:bat":1,"minecraft:creeper":1,"minecraft:sheep":1,"minecraft:zombie":59,"minecraft:enderman":6,"minecraft:cow":5}},"DataVersion":3953}