{"stats":{"minecraft:crafted":{"minecraft:red_dye":8,"minecraft:oak_planks":16,"minecraft:stone_shovel":1,"minecraft:shield":1,"minecraft:crafting_table":1,"minecraft:stick":16,"minecraft:iron_ingot":6,"minecraft:cooked_chicken":3,"minecraft:wooden_pickaxe":1,"minecraft:stone_pickaxe":1,"minecraft:iron_sword":1,"minecraft:stone_sword":1,"minecraft:red_bed":1,"minecraft:furnace":1,"minecraft:red_wool":3,"minecraft:stone_axe":1,"minecraft:air":0,"minecraft:cooked_mutton":4,"minecraft:jungle_planks":32},"minecraft:killed_by":{"minecraft:player":3,"minecraft:skeleton":4,"minecraft:creeper":1,"minecraft:zombie":2},"minecraft:picked_up":{"minecraft:stick":7,"minecraft:raw_iron":6,"minecraft:crafting_table":3,"minecraft:feather":3,"minecraft:chicken":3,"minecraft:jungle_log":8,"minecraft:oak_log":5,"minecraft:red_bed":1,"minecraft:dirt":26,"minecraft:wooden_sword":1,"minecraft:rotten_flesh":2,"minecraft:wheat_seeds":1,"minecraft:rose_bush":4,"minecraft:furnace":1,"minecraft:oak_sapling":1,"minecraft:coal":45,"minecraft:black_wool":1,"minecraft:mutton":4,"minecraft:white_wool":2,"minecraft:cobblestone":31,"minecraft:egg":1},"minecraft:custom":{"minecraft:time_since_rest":158,"minecraft:interact_with_furnace":17,"minecraft:sprint_one_cm":53677,"minecraft:damage_taken":3224,"minecraft:walk_one_cm":39055,"minecraft:mob_kills":7,"minecraft:drop":2,"minecraft:damage_dealt":993,"minecraft:player_kills":2,"minecraft:interact_with_crafting_table":13,"minecraft:fly_one_cm":83852,"minecraft:crouch_one_cm":4911,"minecraft:play_time":55882,"minecraft:deaths":11,"minecraft:sneak_time":2434,"minecraft:walk_under_water_one_cm":426,"minecraft:jump":510,"minecraft:leave_game":11,"minecraft:time_since_death":0,"minecraft:walk_on_water_one_cm":5279,"minecraft:sleep_in_bed":1,"minecraft:total_world_time":55882,"minecraft:fall_one_cm":14311},"minecraft:dropped":{"minecraft:wheat_seeds":1,"minecraft:wooden_sword":1},"minecraft:used":{"minecraft:cooked_mutton":4,"minecraft:stone_sword":2,"minecraft:stone_pickaxe":58,"minecraft:wooden_pickaxe":3,"minecraft:cooked_chicken":2,"minecraft:rotten_flesh":1,"minecraft:stone_axe":24,"minecraft:dirt":12,"minecraft:crafting_table":3,"minecraft:red_bed":1,"minecraft:oak_sapling":1,"minecraft:furnace":1,"minecraft:egg":1},"minecraft:killed":{"minecraft:sheep":3,"minecraft:zombie":1,"minecraft:chicken":3},"minecraft:mined":{"minecraft:furnace":1,"minecraft:red_bed":1,"minecraft:iron_ore":6,"minecraft:crafting_table":3,"minecraft:short_grass":9,"minecraft:coal_ore":23,"minecraft:oak_log":4,"minecraft:jungle_log":8,"minecraft:rose_bush":5,"minecraft:stone":31,"minecraft:oak_leaves":1}},"DataVersion":3953}