{"stats":{"minecraft:killed":{"minecraft:spider":3,"minecraft:horse":3,"minecraft:skeleton":3,"minecraft:pig":10,"minecraft:iron_golem":8,"minecraft:sheep":3,"minecraft:zombie":9,"minecraft:villager":1,"minecraft:cow":2},"minecraft:used":{"minecraft:stone_sword":33,"minecraft:iron_shovel":121,"minecraft:flint_and_steel":27,"minecraft:poppy":1,"minecraft:chest":1,"minecraft:shield":52,"minecraft:iron_sword":120,"minecraft:rotten_flesh":15,"minecraft:torch":3,"minecraft:dirt":84,"minecraft:carrot":6,"minecraft:granite":3,"minecraft:wooden_axe":21,"minecraft:iron_axe":133,"minecraft:bow":8,"minecraft:cooked_cod":1,"minecraft:cooked_mutton":13,"minecraft:water_bucket":48,"minecraft:birch_planks":7,"minecraft:stone_pickaxe":13,"minecraft:oak_planks":50,"minecraft:wooden_pickaxe":35,"minecraft:sugar_cane":2,"minecraft:white_wool":1,"minecraft:crafting_table":11,"minecraft:white_bed":4,"minecraft:iron_pickaxe":117,"minecraft:gravel":24,"minecraft:stone_axe":37,"minecraft:fishing_rod":9,"minecraft:wooden_sword":41,"minecraft:cobblestone":22,"minecraft:cooked_porkchop":11,"minecraft:porkchop":2,"minecraft:andesite":9,"minecraft:bucket":50,"minecraft:oak_boat":11,"minecraft:birch_stairs":3},"minecraft:mined":{"minecraft:white_bed":3,"minecraft:granite":3,"minecraft:grass_block":55,"minecraft:oxeye_daisy":1,"minecraft:iron_ore":5,"minecraft:fire":14,"minecraft:andesite":20,"minecraft:dirt_path":5,"minecraft:stripped_oak_log":16,"minecraft:stone":89,"minecraft:white_wool":1,"minecraft:dandelion":1,"minecraft:crafting_table":7,"minecraft:short_grass":181,"minecraft:cobblestone":4,"minecraft:tall_grass":35,"minecraft:oak_planks":33,"minecraft:sugar_cane":9,"minecraft:wall_torch":4,"minecraft:birch_planks":4,"minecraft:yellow_bed":1,"minecraft:oak_log":62,"minecraft:gravel":42,"minecraft:dirt":75,"minecraft:oak_leaves":20},"minecraft:picked_up":{"minecraft:wooden_axe":4,"minecraft:iron_chestplate":1,"minecraft:crafting_table":12,"minecraft:wooden_pickaxe":2,"minecraft:shield":1,"minecraft:string":2,"minecraft:iron_axe":1,"minecraft:wooden_sword":7,"minecraft:iron_shovel":1,"minecraft:bucket":1,"minecraft:beef":8,"minecraft:oak_boat":11,"minecraft:poppy":23,"minecraft:iron_pickaxe":1,"minecraft:minecart":1,"minecraft:sugar_cane":16,"minecraft:furnace":2,"minecraft:iron_boots":1,"minecraft:raw_iron":5,"minecraft:stick":11,"minecraft:torch":5,"minecraft:porkchop":12,"minecraft:carrot":6,"minecraft:stone_sword":3,"minecraft:arrow":8,"minecraft:rotten_flesh":17,"minecraft:cooked_cod":1,"minecraft:cod":2,"minecraft:rail":4,"minecraft:white_wool":5,"minecraft:cobblestone":93,"minecraft:stripped_oak_log":16,"minecraft:water_bucket":1,"minecraft:andesite":20,"minecraft:leather":7,"minecraft:potato":1,"minecraft:birch_planks":5,"minecraft:flint":2,"minecraft:oak_log":116,"minecraft:yellow_bed":1,"minecraft:dirt":135,"minecraft:cooked_mutton":10,"minecraft:bone":4,"minecraft:bow":2,"minecraft:wheat_seeds":41,"minecraft:iron_ingot":34,"minecraft:stone_pickaxe":3,"minecraft:oak_planks":108,"minecraft:iron_sword":2,"minecraft:cooked_porkchop":26,"minecraft:dandelion":1,"minecraft:gravel":34,"minecraft:birch_stairs":1,"minecraft:white_bed":3,"minecraft:spider_eye":1,"minecraft:stone_axe":2,"minecraft:iron_helmet":1,"minecraft:granite":3,"minecraft:oak_sapling":5},"minecraft:killed_by":{"minecraft:player":3,"minecraft:creeper":1,"minecraft:skeleton":8,"minecraft:zombie":2},"minecraft:custom":{"minecraft:mob_kills":46,"minecraft:interact_with_crafting_table":47,"minecraft:interact_with_campfire":7,"minecraft:bell_ring":7,"minecraft:leave_game":13,"minecraft:time_since_death":50488,"minecraft:climb_one_cm":1302,"minecraft:sprint_one_cm":348595,"minecraft:walk_one_cm":151736,"minecraft:damage_blocked_by_shield":2434,"minecraft:drop":12,"minecraft:talked_to_villager":7,"minecraft:play_time":142498,"minecraft:deaths":14,"minecraft:sneak_time":23282,"minecraft:walk_under_water_one_cm":11173,"minecraft:boat_one_cm":333947,"minecraft:jump":4372,"minecraft:walk_on_water_one_cm":14934,"minecraft:total_world_time":142498,"minecraft:sleep_in_bed":4,"minecraft:time_since_rest":4835,"minecraft:damage_taken":5528,"minecraft:damage_dealt":14997,"minecraft:player_kills":5,"minecraft:swim_one_cm":11471,"minecraft:fly_one_cm":901940,"minecraft:open_chest":37,"minecraft:crouch_one_cm":44007,"minecraft:fish_caught":2,"minecraft:fall_one_cm":89473},"minecraft:crafted":{"minecraft:wooden_sword":3,"minecraft:oak_planks":240,"minecraft:fishing_rod":1,"minecraft:furnace":1,"minecraft:flint_and_steel":1,"minecraft:iron_boots":2,"minecraft:iron_axe":2,"minecraft:stone_pickaxe":1,"minecraft:chest":1,"minecraft:crafting_table":6,"minecraft:wooden_pickaxe":2,"minecraft:iron_helmet":2,"minecraft:iron_sword":2,"minecraft:bucket":1,"minecraft:birch_planks":16,"minecraft:stone_axe":1,"minecraft:oak_boat":6,"minecraft:iron_chestplate":2,"minecraft:shield":2,"minecraft:stick":48,"minecraft:iron_pickaxe":3,"minecraft:wooden_axe":1,"minecraft:stone_sword":1,"minecraft:iron_shovel":2,"minecraft:iron_leggings":1,"minecraft:white_bed":1,"minecraft:birch_stairs":4},"minecraft:dropped":{"minecraft:iron_sword":1,"minecraft:cooked_porkchop":2,"minecraft:stick":3,"minecraft:wooden_axe":1,"minecraft:wooden_sword":1,"minecraft:iron_pickaxe":1,"minecraft:oak_planks":8,"minecraft:cooked_mutton":2,"minecraft:poppy":11,"minecraft:wooden_pickaxe":2}},"DataVersion":3953}