{"stats":{"minecraft:broken":{"minecraft:stone_axe":1},"minecraft:crafted":{"minecraft:black_dye":1,"minecraft:wooden_sword":2,"minecraft:oak_planks":120,"minecraft:fishing_rod":1,"minecraft:furnace":2,"minecraft:iron_boots":1,"minecraft:iron_axe":1,"minecraft:stone_pickaxe":1,"minecraft:chest":2,"minecraft:rail":32,"minecraft:minecart":1,"minecraft:cooked_beef":1,"minecraft:crafting_table":2,"minecraft:wooden_pickaxe":1,"minecraft:iron_helmet":1,"minecraft:iron_sword":1,"minecraft:bucket":3,"minecraft:birch_planks":20,"minecraft:campfire":1,"minecraft:stone_axe":1,"minecraft:air":0,"minecraft:iron_chestplate":1,"minecraft:charcoal":3,"minecraft:shield":1,"minecraft:stick":68,"minecraft:iron_ingot":6,"minecraft:iron_pickaxe":1,"minecraft:wooden_axe":1,"minecraft:stone_sword":1,"minecraft:iron_shovel":1,"minecraft:iron_leggings":1,"minecraft:black_bed":1,"minecraft:white_bed":2,"minecraft:torch":48},"minecraft:killed_by":{"minecraft:player":2,"minecraft:creeper":1,"minecraft:enderman":1,"minecraft:iron_golem":6,"minecraft:skeleton":1,"minecraft:zombie":1},"minecraft:custom":{"minecraft:mob_kills":53,"minecraft:interact_with_crafting_table":40,"minecraft:interact_with_campfire":38,"minecraft:bell_ring":7,"minecraft:time_since_death":4361,"minecraft:climb_one_cm":64,"minecraft:sprint_one_cm":456653,"minecraft:walk_one_cm":352588,"minecraft:damage_blocked_by_shield":1215,"minecraft:drop":14,"minecraft:play_time":119955,"minecraft:deaths":12,"minecraft:sneak_time":2546,"minecraft:walk_under_water_one_cm":6621,"minecraft:jump":1591,"minecraft:walk_on_water_one_cm":5985,"minecraft:total_world_time":119955,"minecraft:interact_with_furnace":22,"minecraft:sleep_in_bed":4,"minecraft:time_since_rest":4389,"minecraft:damage_taken":5214,"minecraft:damage_dealt":17338,"minecraft:fly_one_cm":275789,"minecraft:swim_one_cm":14827,"minecraft:player_kills":1,"minecraft:open_chest":70,"minecraft:crouch_one_cm":3770,"minecraft:fish_caught":8,"minecraft:fall_one_cm":26183},"minecraft:picked_up":{"minecraft:wooden_axe":2,"minecraft:fishing_rod":1,"minecraft:crafting_table":2,"minecraft:charcoal":15,"minecraft:iron_chestplate":7,"minecraft:gold_block":1,"minecraft:shield":7,"minecraft:amethyst_block":2,"minecraft:string":16,"minecraft:iron_axe":7,"minecraft:cooked_salmon":13,"minecraft:wooden_sword":3,"minecraft:iron_leggings":7,"minecraft:iron_shovel":7,"minecraft:cobbled_deepslate":22,"minecraft:smooth_stone":16,"minecraft:bucket":10,"minecraft:beef":16,"minecraft:calcite":24,"minecraft:poppy":13,"minecraft:iron_pickaxe":5,"minecraft:minecart":2,"minecraft:sugar_cane":7,"minecraft:chest":2,"minecraft:iron_boots":7,"minecraft:furnace":1,"minecraft:raw_iron":37,"minecraft:stick":62,"minecraft:torch":135,"minecraft:fire_charge":2,"minecraft:porkchop":14,"minecraft:diorite":46,"minecraft:redstone":138,"minecraft:arrow":7,"minecraft:rotten_flesh":29,"minecraft:mutton":11,"minecraft:cod":8,"minecraft:white_wool":7,"minecraft:cobblestone":185,"minecraft:birch_log":14,"minecraft:cooked_beef":29,"minecraft:water_bucket":4,"minecraft:salmon":8,"minecraft:andesite":32,"minecraft:black_bed":3,"minecraft:leather":11,"minecraft:birch_planks":3,"minecraft:oak_log":75,"minecraft:cobblestone_stairs":12,"minecraft:dirt":161,"minecraft:cooked_mutton":22,"minecraft:bone":21,"minecraft:apple":2,"minecraft:bow":2,"minecraft:wheat_seeds":1,"minecraft:iron_ingot":79,"minecraft:oak_planks":8,"minecraft:iron_sword":7,"minecraft:smooth_basalt":26,"minecraft:cooked_porkchop":9,"minecraft:sand":1,"minecraft:amethyst_shard":40,"minecraft:ink_sac":3,"minecraft:spider_eye":2,"minecraft:mossy_cobblestone":3,"minecraft:diamond":2,"minecraft:iron_helmet":7,"minecraft:granite":28,"minecraft:bread":6,"minecraft:coal":35,"minecraft:bricks":1},"minecraft:dropped":{"minecraft:iron_ingot":10,"minecraft:rail":4,"minecraft:fire_charge":4,"minecraft:wooden_sword":1,"minecraft:bucket":1,"minecraft:stone_sword":1,"minecraft:stone_pickaxe":1},"minecraft:killed":{"minecraft:spider":2,"minecraft:skeleton":4,"minecraft:pig":3,"minecraft:salmon":5,"minecraft:iron_golem":12,"minecraft:squid":2,"minecraft:sheep":7,"minecraft:zombie":9,"minecraft:cow":8},"minecraft:used":{"minecraft:stone_sword":12,"minecraft:iron_shovel":17,"minecraft:chest":4,"minecraft:shield":18,"minecraft:iron_sword":102,"minecraft:cooked_salmon":3,"minecraft:rotten_flesh":1,"minecraft:iron_chestplate":3,"minecraft:torch":21,"minecraft:dirt":30,"minecraft:wooden_axe":13,"minecraft:bricks":1,"minecraft:iron_axe":110,"minecraft:iron_helmet":2,"minecraft:iron_boots":1,"minecraft:bow":1,"minecraft:furnace":3,"minecraft:minecart":1,"minecraft:cooked_beef":16,"minecraft:iron_leggings":2,"minecraft:water_bucket":1,"minecraft:cobblestone_stairs":8,"minecraft:birch_planks":2,"minecraft:stone_pickaxe":27,"minecraft:oak_planks":55,"minecraft:wooden_pickaxe":24,"minecraft:sugar_cane":7,"minecraft:rail":28,"minecraft:crafting_table":2,"minecraft:campfire":1,"minecraft:white_bed":1,"minecraft:black_bed":4,"minecraft:apple":2,"minecraft:bread":2,"minecraft:iron_pickaxe":236,"minecraft:stone_axe":81,"minecraft:fishing_rod":11,"minecraft:wooden_sword":4,"minecraft:cobblestone":30,"minecraft:cooked_porkchop":2,"minecraft:bucket":2,"minecraft:smooth_stone":8},"minecraft:mined":{"minecraft:mossy_cobblestone":2,"minecraft:deepslate_diamond_ore":1,"minecraft:cobblestone_stairs":12,"minecraft:budding_amethyst":1,"minecraft:granite":14,"minecraft:grass_block":16,"minecraft:tall_seagrass":1,"minecraft:smooth_stone":12,"minecraft:redstone_ore":9,"minecraft:furnace":1,"minecraft:iron_ore":17,"minecraft:fire":1,"minecraft:andesite":16,"minecraft:gold_block":1,"minecraft:stone":100,"minecraft:deepslate_redstone_ore":6,"minecraft:amethyst_cluster":5,"minecraft:stone_brick_slab":1,"minecraft:crafting_table":1,"minecraft:short_grass":6,"minecraft:calcite":12,"minecraft:chest":2,"minecraft:tall_grass":10,"minecraft:cobblestone":16,"minecraft:oak_planks":4,"minecraft:sugar_cane":3,"minecraft:bricks":1,"minecraft:diorite":23,"minecraft:amethyst_block":2,"minecraft:birch_planks":3,"minecraft:birch_log":13,"minecraft:birch_leaves":1,"minecraft:black_bed":3,"minecraft:oak_log":32,"minecraft:coal_ore":7,"minecraft:sand":1,"minecraft:dirt":34,"minecraft:smooth_basalt":13,"minecraft:deepslate":11}},"DataVersion":3953}